What do you want to search?,Azure Open AI results,flag,username,timestamp
hello,,,,2023-09-19 16:54:59.921477
Show me some movies in NYC from the seventies,,,,2023-09-19 16:56:49.832452
Show me some movies in NYC from the seventies,,,,2023-09-19 16:56:52.190675
I want to see some movie with De Niro,"NoneNoneThe Godfather Part II  (score = 0.95316297)
Imdb id: tt0071562
Description: In the continuing saga of the Corleone crime family a young Vito Corleone grows up in Sicily and in 1910s New York. In the 1950s Michael Corleone attempts to expand the family business into Las Vegas Hollywood and Cuba.
Director: Francis Ford Coppola
Cast: Al Pacino Robert Duvall Diane Keaton Robert De Niro John Cazale
Genres: Drama Crime
Year: 1974

Taxi Driver  (score = 0.93028635)
Imdb id: tt0075314
Description: A mentally unstable Vietnam War veteran works as a night-time taxi driver in New York City where the perceived decadence and sleaze feeds his urge for violent action attempting to save a preadolescent prostitute in the process.
Director: Martin Scorsese
Cast: Robert De Niro Cybill Shepherd Harvey Keitel Jodie Foster Peter Boyle
Genres: Crime Drama
Year: 1976

Raging Bull  (score = 0.94248664)
Imdb id: tt0081398
Description: When Jake LaMotta steps into a boxing ring and obliterates his opponent he's a prizefighter. But when he treats his family and friends the same way he's a ticking time bomb ready to go off at any moment. Though LaMotta wants his family's love something always seems to come between them. Perhaps it's his violent bouts of paranoia and jealousy. This kind of rage helped make him a champ but in real life he winds up in the ring alone.
Director: Martin Scorsese
Cast: Robert De Niro Joe Pesci Cathy Moriarty Frank Vincent Nicholas Colasanto
Genres: Drama
Year: 1980

Goodfellas  (score = 0.9182636)
Imdb id: tt0099685
Description: Henry Hill is a small time gangster who takes part in a robbery with Jimmy Conway and Tommy De Vito two other gangsters who have set their sights a bit higher. His two partners kill off everyone else involved in the robbery and slowly start to climb up through the hierarchy of the Mob. Henry however is badly affected by his partners success but will he stoop low enough to bring about the downfall of Jimmy and Tommy?
Director: Martin Scorsese
Cast: Robert De Niro Ray Liotta Joe Pesci Lorraine Bracco Paul Sorvino
Genres: Drama Crime
Year: 1990

NoneMeet the Parents  (score = 0.9264819)
Imdb id: tt0212338
Description: Greg Focker is ready to marry his girlfriend Pam but before he pops the question he must win over her formidable father humorless former CIA agent Jack Byrnes at the wedding of Pam's sister. As Greg bends over backward to make a good impression his visit to the Byrnes home turns into a hilarious series of disasters and everything that can go wrong does all under Jack's critical hawklike gaze.
Director: Jay Roach
Cast: Ben Stiller Robert De Niro Teri Polo Blythe Danner Owen Wilson
Genres: Comedy Romance
Year: 2000

Silver Linings Playbook  (score = 0.9474767)
Imdb id: tt1045658
Description: After spending eight months in a mental institution a former teacher moves back in with his parents and tries to reconcile with his ex-wife.
Director: David O. Russell
Cast: Bradley Cooper Jennifer Lawrence Robert De Niro Jacki Weaver Chris Tucker
Genres: Drama Comedy Romance
Year: 2012

None",,,2023-09-19 16:58:57.506387
I want to see some movie with De Niro,"NoneNoneThe Godfather Part II  (score = 0.95316297)
Imdb id: tt0071562
Description: In the continuing saga of the Corleone crime family a young Vito Corleone grows up in Sicily and in 1910s New York. In the 1950s Michael Corleone attempts to expand the family business into Las Vegas Hollywood and Cuba.
Director: Francis Ford Coppola
Cast: Al Pacino Robert Duvall Diane Keaton Robert De Niro John Cazale
Genres: Drama Crime
Year: 1974

Taxi Driver  (score = 0.93028635)
Imdb id: tt0075314
Description: A mentally unstable Vietnam War veteran works as a night-time taxi driver in New York City where the perceived decadence and sleaze feeds his urge for violent action attempting to save a preadolescent prostitute in the process.
Director: Martin Scorsese
Cast: Robert De Niro Cybill Shepherd Harvey Keitel Jodie Foster Peter Boyle
Genres: Crime Drama
Year: 1976

Raging Bull  (score = 0.94248664)
Imdb id: tt0081398
Description: When Jake LaMotta steps into a boxing ring and obliterates his opponent he's a prizefighter. But when he treats his family and friends the same way he's a ticking time bomb ready to go off at any moment. Though LaMotta wants his family's love something always seems to come between them. Perhaps it's his violent bouts of paranoia and jealousy. This kind of rage helped make him a champ but in real life he winds up in the ring alone.
Director: Martin Scorsese
Cast: Robert De Niro Joe Pesci Cathy Moriarty Frank Vincent Nicholas Colasanto
Genres: Drama
Year: 1980

Goodfellas  (score = 0.9182636)
Imdb id: tt0099685
Description: Henry Hill is a small time gangster who takes part in a robbery with Jimmy Conway and Tommy De Vito two other gangsters who have set their sights a bit higher. His two partners kill off everyone else involved in the robbery and slowly start to climb up through the hierarchy of the Mob. Henry however is badly affected by his partners success but will he stoop low enough to bring about the downfall of Jimmy and Tommy?
Director: Martin Scorsese
Cast: Robert De Niro Ray Liotta Joe Pesci Lorraine Bracco Paul Sorvino
Genres: Drama Crime
Year: 1990

NoneMeet the Parents  (score = 0.9264819)
Imdb id: tt0212338
Description: Greg Focker is ready to marry his girlfriend Pam but before he pops the question he must win over her formidable father humorless former CIA agent Jack Byrnes at the wedding of Pam's sister. As Greg bends over backward to make a good impression his visit to the Byrnes home turns into a hilarious series of disasters and everything that can go wrong does all under Jack's critical hawklike gaze.
Director: Jay Roach
Cast: Ben Stiller Robert De Niro Teri Polo Blythe Danner Owen Wilson
Genres: Comedy Romance
Year: 2000

Silver Linings Playbook  (score = 0.9474767)
Imdb id: tt1045658
Description: After spending eight months in a mental institution a former teacher moves back in with his parents and tries to reconcile with his ex-wife.
Director: David O. Russell
Cast: Bradley Cooper Jennifer Lawrence Robert De Niro Jacki Weaver Chris Tucker
Genres: Drama Comedy Romance
Year: 2012

None",,,2023-09-19 16:59:05.914825
